Date,Close,AITrain,AITest
2015-08-26T00:00:00.000Z,500.77,,
2015-08-27T00:00:00.000Z,518.37,729.1875610351562,
2015-08-28T00:00:00.000Z,518.01,735.8973388671875,
2015-08-31T00:00:00.000Z,512.89,735.7584838867188,
2015-09-01T00:00:00.000Z,496.54,733.791015625,
2015-09-02T00:00:00.000Z,510.55,727.5985717773438,
2015-09-03T00:00:00.000Z,504.72,732.8966064453125,
2015-09-04T00:00:00.000Z,499.0,730.6799926757812,
2015-09-08T00:00:00.000Z,517.54,728.521728515625,
2015-09-09T00:00:00.000Z,516.89,735.5774536132812,
2015-09-10T00:00:00.000Z,522.24,735.3272705078125,
2015-09-11T00:00:00.000Z,529.44,737.393798828125,
2015-09-14T00:00:00.000Z,521.38,740.1982421875,
2015-09-15T00:00:00.000Z,522.37,737.060546875,
2015-09-16T00:00:00.000Z,527.39,737.4439697265625,
2015-09-17T00:00:00.000Z,538.87,739.3973999023438,
2015-09-18T00:00:00.000Z,540.26,743.9124755859375,
2015-09-21T00:00:00.000Z,548.39,744.4638061523438,
2015-09-22T00:00:00.000Z,538.4,747.708984375,
2015-09-23T00:00:00.000Z,536.07,743.726318359375,
2015-09-24T00:00:00.000Z,533.75,742.8048095703125,
2015-09-25T00:00:00.000Z,524.25,741.890380859375,
2015-09-28T00:00:00.000Z,504.06,738.1741943359375,
2015-09-29T00:00:00.000Z,496.07,730.43017578125,
2015-09-30T00:00:00.000Z,511.89,727.4225463867188,
2015-10-01T00:00:00.000Z,520.72,733.40869140625,
2015-10-02T00:00:00.000Z,532.54,736.8052978515625,
2015-10-05T00:00:00.000Z,543.68,741.414306640625,
2015-10-06T00:00:00.000Z,537.48,745.8248901367188,
2015-10-07T00:00:00.000Z,541.94,743.3623046875,
2015-10-08T00:00:00.000Z,533.16,745.1316528320312,
2015-10-09T00:00:00.000Z,539.8,741.657958984375,
2015-10-12T00:00:00.000Z,550.19,744.2814331054688,
2015-10-13T00:00:00.000Z,548.9,748.4321899414062,
2015-10-14T00:00:00.000Z,544.83,747.9136352539062,
2015-10-15T00:00:00.000Z,562.44,746.2837524414062,
2015-10-16T00:00:00.000Z,570.76,753.3992919921875,
2015-10-19T00:00:00.000Z,573.15,756.8182983398438,
2015-10-20T00:00:00.000Z,560.88,757.8072509765625,
2015-10-21T00:00:00.000Z,555.77,752.76220703125,
2015-10-22T00:00:00.000Z,563.91,750.6849365234375,
2015-10-23T00:00:00.000Z,599.03,754.000732421875,
2015-10-26T00:00:00.000Z,608.61,768.7150268554688,
2015-10-27T00:00:00.000Z,611.01,772.8460083007812,
2015-10-28T00:00:00.000Z,617.1,773.888671875,
2015-10-29T00:00:00.000Z,626.55,776.5491333007812,
2015-10-30T00:00:00.000Z,625.9,780.7186279296875,
2015-11-02T00:00:00.000Z,628.35,780.4300537109375,
2015-11-03T00:00:00.000Z,625.31,781.518310546875,
2015-11-04T00:00:00.000Z,640.95,780.1687622070312,
2015-11-05T00:00:00.000Z,655.65,787.1683959960938,
2015-11-06T00:00:00.000Z,659.37,793.8748779296875,
2015-11-09T00:00:00.000Z,655.49,795.5918579101562,
2015-11-10T00:00:00.000Z,659.68,793.8011474609375,
2015-11-11T00:00:00.000Z,673.25,795.735595703125,
2015-11-12T00:00:00.000Z,665.6,802.0682983398438,
2015-11-13T00:00:00.000Z,642.35,798.4850463867188,
2015-11-16T00:00:00.000Z,647.81,787.8021850585938,
2015-11-17T00:00:00.000Z,643.3,790.28271484375,
2015-11-18T00:00:00.000Z,663.54,788.2322998046875,
2015-11-19T00:00:00.000Z,661.27,797.5259399414062,
2015-11-20T00:00:00.000Z,668.45,796.471923828125,
2015-11-23T00:00:00.000Z,678.99,799.815673828125,
2015-11-24T00:00:00.000Z,671.15,804.7794189453125,
2015-11-25T00:00:00.000Z,675.34,801.0811157226562,
2015-11-27T00:00:00.000Z,673.26,803.0531005859375,
2015-11-30T00:00:00.000Z,664.8,802.0729370117188,
2015-12-01T00:00:00.000Z,679.06,798.1121215820312,
2015-12-02T00:00:00.000Z,676.01,804.8125,
2015-12-03T00:00:00.000Z,666.25,803.3694458007812,
2015-12-04T00:00:00.000Z,672.64,798.7879638671875,
2015-12-07T00:00:00.000Z,669.83,801.7811279296875,
2015-12-08T00:00:00.000Z,677.33,800.4619140625,
2015-12-09T00:00:00.000Z,664.79,803.9934692382812,
2015-12-10T00:00:00.000Z,662.32,798.1072998046875,
2015-12-11T00:00:00.000Z,640.15,796.9591064453125,
2015-12-14T00:00:00.000Z,657.91,786.8072509765625,
2015-12-15T00:00:00.000Z,658.64,794.9173583984375,
2015-12-16T00:00:00.000Z,675.77,795.2542114257812,
2015-12-17T00:00:00.000Z,670.65,803.2559814453125,
2015-12-18T00:00:00.000Z,664.14,800.8466186523438,
2015-12-21T00:00:00.000Z,664.51,797.8048095703125,
2015-12-22T00:00:00.000Z,663.15,797.9769287109375,
2015-12-23T00:00:00.000Z,663.7,797.3445434570312,
2015-12-24T00:00:00.000Z,662.79,797.6004638671875,
2015-12-28T00:00:00.000Z,675.2,797.1773071289062,
2015-12-29T00:00:00.000Z,693.97,802.9873046875,
2015-12-30T00:00:00.000Z,689.07,811.94580078125,
2015-12-31T00:00:00.000Z,675.89,809.5872192382812,
2016-01-04T00:00:00.000Z,636.99,803.3126831054688,
2016-01-05T00:00:00.000Z,633.79,785.3829956054688,
2016-01-06T00:00:00.000Z,632.65,783.9465942382812,
2016-01-07T00:00:00.000Z,607.94,783.4366455078125,
2016-01-08T00:00:00.000Z,607.05,772.5552368164062,
2016-01-11T00:00:00.000Z,617.74,772.1697998046875,
2016-01-12T00:00:00.000Z,617.89,776.8297729492188,
2016-01-13T00:00:00.000Z,581.81,776.895751953125,
2016-01-14T00:00:00.000Z,593.0,761.4168701171875,
2016-01-15T00:00:00.000Z,570.18,766.1411743164062,
2016-01-19T00:00:00.000Z,574.48,756.578857421875,
2016-01-20T00:00:00.000Z,571.77,758.3587036132812,
2016-01-21T00:00:00.000Z,575.02,757.2357177734375,
2016-01-22T00:00:00.000Z,596.38,758.583251953125,
2016-01-25T00:00:00.000Z,596.53,767.58154296875,
2016-01-26T00:00:00.000Z,601.25,767.6453857421875,
2016-01-27T00:00:00.000Z,583.35,769.6679077148438,
2016-01-28T00:00:00.000Z,635.35,762.06298828125,
2016-01-29T00:00:00.000Z,587.0,784.646728515625,
2016-02-01T00:00:00.000Z,574.81,763.5994873046875,
2016-02-02T00:00:00.000Z,552.1,758.4959106445312,
2016-02-03T00:00:00.000Z,531.07,749.2012329101562,
2016-02-04T00:00:00.000Z,536.26,740.8372192382812,
2016-02-05T00:00:00.000Z,502.13,742.8800048828125,
2016-02-08T00:00:00.000Z,488.1,729.7005615234375,
2016-02-09T00:00:00.000Z,482.07,724.4542846679688,
2016-02-10T00:00:00.000Z,490.48,722.229736328125,
2016-02-11T00:00:00.000Z,503.82,725.3375244140625,
2016-02-12T00:00:00.000Z,507.08,730.3394775390625,
2016-02-16T00:00:00.000Z,521.1,731.5751342773438,
2016-02-17T00:00:00.000Z,534.1,736.9520874023438,
2016-02-18T00:00:00.000Z,525.0,742.0282592773438,
2016-02-19T00:00:00.000Z,534.9,738.4659423828125,
2016-02-22T00:00:00.000Z,559.5,742.34326171875,
2016-02-23T00:00:00.000Z,552.94,752.1998291015625,
2016-02-24T00:00:00.000Z,554.04,749.5404052734375,
2016-02-25T00:00:00.000Z,555.15,749.9844970703125,
2016-02-26T00:00:00.000Z,555.23,750.4337158203125,
2016-02-29T00:00:00.000Z,552.52,750.466064453125,
2016-03-01T00:00:00.000Z,579.04,749.3709106445312,
2016-03-02T00:00:00.000Z,580.21,760.258056640625,
2016-03-03T00:00:00.000Z,577.49,760.746826171875,
2016-03-04T00:00:00.000Z,575.14,759.6110229492188,
2016-03-07T00:00:00.000Z,562.8,758.6331787109375,
2016-03-08T00:00:00.000Z,560.26,753.5462036132812,
2016-03-09T00:00:00.000Z,559.47,752.50927734375,
2016-03-10T00:00:00.000Z,558.93,752.187744140625,
2016-03-11T00:00:00.000Z,569.61,751.9677734375,
2016-03-14T00:00:00.000Z,573.37,756.3435668945312,
2016-03-15T00:00:00.000Z,577.02,757.8984985351562,
2016-03-16T00:00:00.000Z,574.27,759.4151000976562,
2016-03-17T00:00:00.000Z,559.44,758.2716674804688,
2016-03-18T00:00:00.000Z,552.08,752.1754150390625,
2016-03-21T00:00:00.000Z,553.98,749.1932983398438,
2016-03-22T00:00:00.000Z,560.48,749.9602661132812,
2016-03-23T00:00:00.000Z,569.63,752.5989990234375,
2016-03-24T00:00:00.000Z,582.95,756.3516235351562,
2016-03-28T00:00:00.000Z,579.87,761.8945922851562,
2016-03-29T00:00:00.000Z,593.86,760.6046142578125,
2016-03-30T00:00:00.000Z,598.69,766.507080078125,
2016-03-31T00:00:00.000Z,593.64,768.5695190429688,
2016-04-01T00:00:00.000Z,598.5,766.4133911132812,
2016-04-04T00:00:00.000Z,593.19,768.488037109375,
2016-04-05T00:00:00.000Z,586.14,766.2218017578125,
2016-04-06T00:00:00.000Z,602.08,763.2368774414062,
2016-04-07T00:00:00.000Z,591.43,770.0247802734375,
2016-04-08T00:00:00.000Z,594.6,765.4742431640625,
2016-04-11T00:00:00.000Z,595.93,766.8221435546875,
2016-04-12T00:00:00.000Z,603.17,767.3892822265625,
2016-04-13T00:00:00.000Z,614.82,770.493896484375,
2016-04-14T00:00:00.000Z,620.75,775.5506591796875,
2016-04-15T00:00:00.000Z,625.89,778.1536865234375,
2016-04-18T00:00:00.000Z,635.35,780.4258422851562,
2016-04-19T00:00:00.000Z,627.9,784.646728515625,
2016-04-20T00:00:00.000Z,632.99,781.318359375,
2016-04-21T00:00:00.000Z,631.0,783.5888061523438,
2016-04-22T00:00:00.000Z,620.5,782.6992797851562,
2016-04-25T00:00:00.000Z,626.2,778.0433959960938,
2016-04-26T00:00:00.000Z,616.88,780.5631713867188,
2016-04-27T00:00:00.000Z,606.57,776.452880859375,
2016-04-28T00:00:00.000Z,602.0,771.9618530273438,
2016-04-29T00:00:00.000Z,659.59,769.9900512695312,
2016-05-02T00:00:00.000Z,683.85,795.693359375,
2016-05-03T00:00:00.000Z,671.32,807.0899047851562,
2016-05-04T00:00:00.000Z,670.9,801.1608276367188,
2016-05-05T00:00:00.000Z,659.09,800.9638671875,
2016-05-06T00:00:00.000Z,673.95,795.4624633789062,
2016-05-09T00:00:00.000Z,679.75,802.39794921875,
2016-05-10T00:00:00.000Z,703.07,805.1396484375,
2016-05-11T00:00:00.000Z,713.23,816.3643188476562,
2016-05-12T00:00:00.000Z,717.93,821.3554077148438,
2016-05-13T00:00:00.000Z,709.92,823.6854858398438,
2016-05-16T00:00:00.000Z,710.66,819.7225952148438,
2016-05-17T00:00:00.000Z,695.27,820.0869750976562,
2016-05-18T00:00:00.000Z,697.45,812.5741577148438,
2016-05-19T00:00:00.000Z,698.52,813.6298217773438,
2016-05-20T00:00:00.000Z,702.8,814.1486206054688,
2016-05-23T00:00:00.000Z,696.75,816.2322998046875,
2016-05-24T00:00:00.000Z,704.2,813.2903442382812,
2016-05-25T00:00:00.000Z,708.35,816.9164428710938,
2016-05-26T00:00:00.000Z,714.91,818.9501953125,
2016-05-27T00:00:00.000Z,712.24,822.1866455078125,
2016-05-31T00:00:00.000Z,722.79,820.8666381835938,
2016-06-01T00:00:00.000Z,719.44,826.1089477539062,
2016-06-02T00:00:00.000Z,728.24,824.43701171875,
2016-06-03T00:00:00.000Z,725.54,828.843505859375,
2016-06-06T00:00:00.000Z,726.73,827.4862670898438,
2016-06-07T00:00:00.000Z,723.74,828.083740234375,
2016-06-08T00:00:00.000Z,726.64,826.5843505859375,
2016-06-09T00:00:00.000Z,727.65,828.0386962890625,
2016-06-10T00:00:00.000Z,717.91,828.5463256835938,
2016-06-13T00:00:00.000Z,715.24,823.6760864257812,
2016-06-14T00:00:00.000Z,719.3,822.3504028320312,
2016-06-15T00:00:00.000Z,714.26,824.3671264648438,
2016-06-16T00:00:00.000Z,717.51,821.865234375,
2016-06-17T00:00:00.000Z,706.39,823.4765014648438,
2016-06-20T00:00:00.000Z,714.01,817.9884033203125,
2016-06-21T00:00:00.000Z,715.82,821.7411499023438,
2016-06-22T00:00:00.000Z,710.6,822.6377563476562,
2016-06-23T00:00:00.000Z,722.08,820.0575561523438,
2016-06-24T00:00:00.000Z,698.96,825.75390625,
2016-06-27T00:00:00.000Z,691.36,814.3624877929688,
2016-06-28T00:00:00.000Z,707.95,810.6876220703125,
2016-06-29T00:00:00.000Z,715.6,818.75390625,
2016-06-30T00:00:00.000Z,715.62,822.5287475585938,
2016-07-01T00:00:00.000Z,725.68,822.5385131835938,
2016-07-05T00:00:00.000Z,728.1,827.556396484375,
2016-07-06T00:00:00.000Z,737.61,828.7728881835938,
2016-07-07T00:00:00.000Z,736.57,833.5870361328125,
2016-07-08T00:00:00.000Z,745.81,833.0576171875,
2016-07-11T00:00:00.000Z,753.78,837.7821655273438,
2016-07-12T00:00:00.000Z,748.21,841.8992309570312,
2016-07-13T00:00:00.000Z,742.63,839.017822265625,
2016-07-14T00:00:00.000Z,741.2,836.1500854492188,
2016-07-15T00:00:00.000Z,735.44,835.4183959960938,
2016-07-18T00:00:00.000Z,736.07,832.4835815429688,
2016-07-19T00:00:00.000Z,739.95,832.8037109375,
2016-07-20T00:00:00.000Z,745.72,834.77978515625,
2016-07-21T00:00:00.000Z,744.43,837.7357177734375,
2016-07-22T00:00:00.000Z,744.86,837.0731201171875,
2016-07-25T00:00:00.000Z,739.61,837.2938842773438,
2016-07-26T00:00:00.000Z,735.59,834.6065673828125,
2016-07-27T00:00:00.000Z,736.67,832.559814453125,
2016-07-28T00:00:00.000Z,752.61,833.1082763671875,
2016-07-29T00:00:00.000Z,758.81,841.2925415039062,
2016-08-01T00:00:00.000Z,767.74,844.5177001953125,
2016-08-02T00:00:00.000Z,760.58,849.2053833007812,
2016-08-03T00:00:00.000Z,754.64,845.4429321289062,
2016-08-04T00:00:00.000Z,760.77,842.3456420898438,
2016-08-05T00:00:00.000Z,765.98,845.5425415039062,
2016-08-08T00:00:00.000Z,766.56,848.2776489257812,
2016-08-09T00:00:00.000Z,768.31,848.5830688476562,
2016-08-10T00:00:00.000Z,768.56,849.5062255859375,
2016-08-11T00:00:00.000Z,771.24,849.6380615234375,
2016-08-12T00:00:00.000Z,772.56,851.0559692382812,
2016-08-15T00:00:00.000Z,768.49,851.7559814453125,
2016-08-16T00:00:00.000Z,764.04,849.6014404296875,
2016-08-17T00:00:00.000Z,764.63,847.2568969726562,
2016-08-18T00:00:00.000Z,764.46,847.567138671875,
2016-08-19T00:00:00.000Z,757.31,847.4779052734375,
2016-08-22T00:00:00.000Z,759.48,843.7353515625,
2016-08-23T00:00:00.000Z,762.45,844.8677978515625,
2016-08-24T00:00:00.000Z,757.25,846.422607421875,
2016-08-25T00:00:00.000Z,759.22,843.7041625976562,
2016-08-26T00:00:00.000Z,769.0,844.73193359375,
2016-08-29T00:00:00.000Z,771.29,849.8706665039062,
2016-08-30T00:00:00.000Z,767.58,851.0827026367188,
2016-08-31T00:00:00.000Z,769.16,849.1207275390625,
2016-09-01T00:00:00.000Z,770.62,849.955078125,
2016-09-02T00:00:00.000Z,772.44,850.7276000976562,
2016-09-06T00:00:00.000Z,788.87,851.6925048828125,
2016-09-07T00:00:00.000Z,784.48,860.494873046875,
2016-09-08T00:00:00.000Z,784.06,858.1265258789062,
2016-09-09T00:00:00.000Z,760.14,857.90087890625,
2016-09-12T00:00:00.000Z,771.49,845.2127685546875,
2016-09-13T00:00:00.000Z,761.01,851.1885375976562,
2016-09-14T00:00:00.000Z,761.09,845.6680297851562,
2016-09-15T00:00:00.000Z,769.69,845.7099609375,
2016-09-16T00:00:00.000Z,778.52,850.2354125976562,
2016-09-19T00:00:00.000Z,775.1,854.9302368164062,
2016-09-20T00:00:00.000Z,780.22,853.1058959960938,
2016-09-21T00:00:00.000Z,789.74,855.8397216796875,
2016-09-22T00:00:00.000Z,804.7,860.9660034179688,
2016-09-23T00:00:00.000Z,805.75,869.1378784179688,
2016-09-26T00:00:00.000Z,799.16,869.7164306640625,
2016-09-27T00:00:00.000Z,816.11,866.0950317382812,
2016-09-28T00:00:00.000Z,828.72,875.4661254882812,
2016-09-29T00:00:00.000Z,829.05,882.556884765625,
2016-09-30T00:00:00.000Z,837.31,882.7435913085938,
2016-10-03T00:00:00.000Z,836.74,887.4459228515625,
2016-10-04T00:00:00.000Z,834.03,887.1199340820312,
2016-10-05T00:00:00.000Z,844.36,885.573486328125,
2016-10-06T00:00:00.000Z,841.66,891.4942016601562,
2016-10-07T00:00:00.000Z,839.43,889.940185546875,
2016-10-10T00:00:00.000Z,841.71,888.6597290039062,
2016-10-11T00:00:00.000Z,831.0,889.9686279296875,
2016-10-12T00:00:00.000Z,834.09,883.8497924804688,
2016-10-13T00:00:00.000Z,829.28,885.607666015625,
2016-10-14T00:00:00.000Z,822.96,882.8742065429688,
2016-10-17T00:00:00.000Z,812.95,879.3051147460938,
2016-10-18T00:00:00.000Z,817.65,873.7050170898438,
2016-10-19T00:00:00.000Z,817.69,876.32666015625,
2016-10-20T00:00:00.000Z,810.32,876.3487548828125,
2016-10-21T00:00:00.000Z,818.99,872.244140625,
2016-10-24T00:00:00.000Z,838.09,877.0765991210938,
2016-10-25T00:00:00.000Z,835.18,887.8921508789062,
2016-10-26T00:00:00.000Z,822.59,886.2293701171875,
2016-10-27T00:00:00.000Z,818.36,879.0972900390625,
2016-10-28T00:00:00.000Z,776.32,876.7236328125,
2016-10-31T00:00:00.000Z,789.82,853.7557983398438,
2016-11-01T00:00:00.000Z,785.41,861.00927734375,
2016-11-02T00:00:00.000Z,765.56,858.6273193359375,
2016-11-03T00:00:00.000Z,767.03,848.0563354492188,
2016-11-04T00:00:00.000Z,755.05,848.8306274414062,
2016-11-07T00:00:00.000Z,784.93,842.5590209960938,
2016-11-08T00:00:00.000Z,787.75,858.3689575195312,
2016-11-09T00:00:00.000Z,771.88,859.8896484375,
2016-11-10T00:00:00.000Z,742.38,851.3953857421875,
2016-11-11T00:00:00.000Z,739.01,836.0224609375,
2016-11-14T00:00:00.000Z,719.07,834.3001098632812,
2016-11-15T00:00:00.000Z,743.24,824.2528686523438,
2016-11-16T00:00:00.000Z,746.49,836.462890625,
2016-11-17T00:00:00.000Z,756.4,838.1318359375,
2016-11-18T00:00:00.000Z,760.16,843.2614135742188,
2016-11-21T00:00:00.000Z,780.0,845.2234497070312,
2016-11-22T00:00:00.000Z,785.33,855.7217407226562,
2016-11-23T00:00:00.000Z,780.12,858.5843505859375,
2016-11-25T00:00:00.000Z,780.37,855.7861328125,
2016-11-28T00:00:00.000Z,766.77,855.9198608398438,
2016-11-29T00:00:00.000Z,762.52,848.6936645507812,
2016-11-30T00:00:00.000Z,750.57,846.4594116210938,
2016-12-01T00:00:00.000Z,743.65,840.236328125,
2016-12-02T00:00:00.000Z,740.34,836.6729736328125,
2016-12-05T00:00:00.000Z,759.36,834.9788208007812,
2016-12-06T00:00:00.000Z,764.72,844.8049926757812,
2016-12-07T00:00:00.000Z,770.42,847.614501953125,
2016-12-08T00:00:00.000Z,767.33,850.6216430664062,
2016-12-09T00:00:00.000Z,768.66,848.9891357421875,
2016-12-12T00:00:00.000Z,760.12,849.6908569335938,
2016-12-13T00:00:00.000Z,774.34,845.2022705078125,
2016-12-14T00:00:00.000Z,768.82,852.70166015625,
2016-12-15T00:00:00.000Z,761.0,849.7755737304688,
2016-12-16T00:00:00.000Z,757.77,845.6624755859375,
2016-12-19T00:00:00.000Z,766.0,843.975341796875,
2016-12-20T00:00:00.000Z,771.22,848.2882690429688,
2016-12-21T00:00:00.000Z,770.6,851.0455932617188,
2016-12-22T00:00:00.000Z,766.34,850.7169189453125,
2016-12-23T00:00:00.000Z,760.59,848.4671020507812,
2016-12-27T00:00:00.000Z,771.4,845.4480590820312,
2016-12-28T00:00:00.000Z,772.13,851.140869140625,
2016-12-29T00:00:00.000Z,765.15,851.528076171875,
2016-12-30T00:00:00.000Z,749.87,847.8408813476562,
2017-01-03T00:00:00.000Z,753.67,839.8746337890625,
2017-01-04T00:00:00.000Z,757.18,841.8419799804688,
2017-01-05T00:00:00.000Z,780.45,843.6676025390625,
2017-01-06T00:00:00.000Z,795.99,855.9625244140625,
2017-01-09T00:00:00.000Z,796.92,864.36279296875,
2017-01-10T00:00:00.000Z,795.9,864.8705444335938,
2017-01-11T00:00:00.000Z,799.02,864.31396484375,
2017-01-12T00:00:00.000Z,813.64,866.018310546875,
2017-01-13T00:00:00.000Z,817.14,874.0888671875,
2017-01-17T00:00:00.000Z,809.72,876.0413208007812,
2017-01-18T00:00:00.000Z,807.48,871.9116821289062,
2017-01-19T00:00:00.000Z,809.04,870.6718139648438,
2017-01-20T00:00:00.000Z,808.33,871.5350341796875,
2017-01-23T00:00:00.000Z,817.88,871.1420288085938,
2017-01-24T00:00:00.000Z,822.44,876.4550170898438,
2017-01-25T00:00:00.000Z,836.52,879.0128784179688,
2017-01-26T00:00:00.000Z,839.15,886.99462890625,
2017-01-27T00:00:00.000Z,835.77,888.4993286132812,
2017-01-30T00:00:00.000Z,830.38,886.5659790039062,
2017-01-31T00:00:00.000Z,823.48,883.4981079101562,
2017-02-01T00:00:00.000Z,832.35,879.5977783203125,
2017-02-02T00:00:00.000Z,839.95,884.6170654296875,
2017-02-03T00:00:00.000Z,810.2,888.9580688476562,
2017-02-06T00:00:00.000Z,807.64,872.1776733398438,
2017-02-07T00:00:00.000Z,812.5,870.7603759765625,
2017-02-08T00:00:00.000Z,819.71,873.4546508789062,
2017-02-09T00:00:00.000Z,821.36,877.479736328125,
2017-02-10T00:00:00.000Z,827.46,878.4058837890625,
2017-02-13T00:00:00.000Z,836.53,881.8438110351562,
2017-02-14T00:00:00.000Z,836.39,886.9999389648438,
2017-02-15T00:00:00.000Z,842.7,886.9202270507812,
2017-02-16T00:00:00.000Z,844.14,890.537841796875,
2017-02-17T00:00:00.000Z,845.07,891.367431640625,
2017-02-21T00:00:00.000Z,856.44,891.903564453125,
2017-02-22T00:00:00.000Z,855.61,898.5059814453125,
2017-02-23T00:00:00.000Z,852.19,898.0211181640625,
2017-02-24T00:00:00.000Z,845.24,896.0284423828125,
2017-02-27T00:00:00.000Z,848.64,892.0015869140625,
2017-02-28T00:00:00.000Z,845.04,893.9674682617188,
2017-03-01T00:00:00.000Z,853.08,891.886474609375,
2017-03-02T00:00:00.000Z,848.91,896.5463256835938,
2017-03-03T00:00:00.000Z,849.88,894.124267578125,
2017-03-06T00:00:00.000Z,846.61,894.6864013671875,
2017-03-07T00:00:00.000Z,846.02,892.7929077148438,
2017-03-08T00:00:00.000Z,850.5,892.4519653320312,
2017-03-09T00:00:00.000Z,853.0,895.0459594726562,
2017-03-10T00:00:00.000Z,852.46,896.4996948242188,
2017-03-13T00:00:00.000Z,854.59,896.1851806640625,
2017-03-14T00:00:00.000Z,852.53,897.4262084960938,
2017-03-15T00:00:00.000Z,852.97,896.2260131835938,
2017-03-16T00:00:00.000Z,853.42,896.4822998046875,
2017-03-17T00:00:00.000Z,852.31,896.7440185546875,
2017-03-20T00:00:00.000Z,856.97,896.0978393554688,
2017-03-21T00:00:00.000Z,843.2,898.815673828125,
2017-03-22T00:00:00.000Z,848.06,890.8256225585938,
2017-03-23T00:00:00.000Z,847.38,893.632080078125,
2017-03-24T00:00:00.000Z,845.61,893.2380981445312,
2017-03-27T00:00:00.000Z,846.82,892.2154541015625,
2017-03-28T00:00:00.000Z,856.0,892.91455078125,
2017-03-29T00:00:00.000Z,874.32,898.2489624023438,
2017-03-30T00:00:00.000Z,876.34,909.059814453125,
2017-03-31T00:00:00.000Z,886.54,910.2655639648438,
2017-04-03T00:00:00.000Z,891.51,916.3941650390625,
2017-04-04T00:00:00.000Z,906.83,919.4048461914062,
2017-04-05T00:00:00.000Z,909.28,928.7904663085938,
2017-04-06T00:00:00.000Z,898.28,930.305908203125,
2017-04-07T00:00:00.000Z,894.88,923.5333862304688,
2017-04-10T00:00:00.000Z,907.04,921.4563598632812,
2017-04-11T00:00:00.000Z,902.36,928.9198608398438,
2017-04-12T00:00:00.000Z,896.23,926.0357055664062,
2017-04-13T00:00:00.000Z,884.67,922.2800903320312,
2017-04-17T00:00:00.000Z,901.99,915.2653198242188,
2017-04-18T00:00:00.000Z,903.78,925.8084106445312,
2017-04-19T00:00:00.000Z,899.2,926.9091796875,
2017-04-20T00:00:00.000Z,902.06,924.0967407226562,
2017-04-21T00:00:00.000Z,898.53,925.8514404296875,
2017-04-24T00:00:00.000Z,907.41,923.68603515625,
2017-04-25T00:00:00.000Z,907.62,929.1488647460938,
2017-04-26T00:00:00.000Z,909.29,929.2787475585938,
2017-04-27T00:00:00.000Z,918.38,930.3119506835938,
2017-04-28T00:00:00.000Z,924.99,935.9699096679688,
2017-05-01T00:00:00.000Z,948.23,940.1190185546875,
2017-05-02T00:00:00.000Z,946.94,954.9405517578125,
2017-05-03T00:00:00.000Z,941.03,954.108154296875,
2017-05-04T00:00:00.000Z,937.53,950.3093872070312,
2017-05-05T00:00:00.000Z,934.15,948.071044921875,
2017-05-08T00:00:00.000Z,949.04,945.9171752929688,
2017-05-09T00:00:00.000Z,952.82,955.4635620117188,
2017-05-10T00:00:00.000Z,948.95,957.9111938476562,
2017-05-11T00:00:00.000Z,947.62,955.405517578125,
2017-05-12T00:00:00.000Z,961.35,954.5468139648438,
2017-05-15T00:00:00.000Z,957.97,963.4695434570312,
2017-05-16T00:00:00.000Z,966.07,961.2611694335938,
2017-05-17T00:00:00.000Z,944.76,966.5662841796875,
2017-05-18T00:00:00.000Z,958.49,952.7042236328125,
2017-05-19T00:00:00.000Z,959.84,961.5999755859375,
2017-05-22T00:00:00.000Z,970.67,962.4817504882812,
2017-05-23T00:00:00.000Z,971.54,969.5994873046875,
2017-05-24T00:00:00.000Z,980.35,970.1746215820312,
2017-05-25T00:00:00.000Z,993.38,976.0287475585938,
2017-05-26T00:00:00.000Z,995.78,984.7844848632812,
2017-05-30T00:00:00.000Z,996.7,986.410400390625,
2017-05-31T00:00:00.000Z,994.62,987.034423828125,
2017-06-01T00:00:00.000Z,995.95,985.6238403320312,
2017-06-02T00:00:00.000Z,1006.73,986.525634765625,
2017-06-05T00:00:00.000Z,1011.34,993.8763427734375,
2017-06-06T00:00:00.000Z,1003.0,997.0445556640625,
2017-06-07T00:00:00.000Z,1010.07,991.32373046875,
2017-06-08T00:00:00.000Z,1010.27,996.1702270507812,
2017-06-09T00:00:00.000Z,978.31,996.3080444335938,
2017-06-12T00:00:00.000Z,964.91,974.6683349609375,
2017-06-13T00:00:00.000Z,980.79,965.8037719726562,
2017-06-14T00:00:00.000Z,976.47,976.3225708007812,
2017-06-15T00:00:00.000Z,964.17,973.4439086914062,
2017-06-16T00:00:00.000Z,987.71,965.3179931640625,
2017-06-19T00:00:00.000Z,995.17,980.9605102539062,
2017-06-20T00:00:00.000Z,992.59,985.9967651367188,
2017-06-21T00:00:00.000Z,1002.23,984.250732421875,
2017-06-22T00:00:00.000Z,1001.3,990.7981567382812,
2017-06-23T00:00:00.000Z,1003.74,990.1637573242188,
2017-06-26T00:00:00.000Z,993.98,991.8294677734375,
2017-06-27T00:00:00.000Z,976.78,985.1906127929688,
2017-06-28T00:00:00.000Z,990.33,973.6502075195312,
2017-06-29T00:00:00.000Z,975.93,982.7247924804688,
2017-06-30T00:00:00.000Z,968.0,973.0849609375,
2017-07-03T00:00:00.000Z,953.66,967.8370971679688,
2017-07-05T00:00:00.000Z,971.4,958.4561157226562,
2017-07-06T00:00:00.000Z,965.14,970.0821533203125,
2017-07-07T00:00:00.000Z,978.76,965.9551391601562,
2017-07-10T00:00:00.000Z,996.47,974.9683837890625,
2017-07-11T00:00:00.000Z,994.13,986.87841796875,
2017-07-12T00:00:00.000Z,1006.51,985.29248046875,
2017-07-13T00:00:00.000Z,1000.63,993.7255859375,
2017-07-14T00:00:00.000Z,1001.81,989.70703125,
2017-07-17T00:00:00.000Z,1010.04,990.511474609375,
2017-07-18T00:00:00.000Z,1024.45,996.1500244140625,
2017-07-19T00:00:00.000Z,1026.87,1006.1339721679688,
2017-07-20T00:00:00.000Z,1028.7,1007.8251953125,
2017-07-21T00:00:00.000Z,1025.67,1009.1061401367188,
2017-07-24T00:00:00.000Z,1038.95,1006.9854736328125,
2017-07-25T00:00:00.000Z,1039.87,1016.3252563476562,
2017-07-26T00:00:00.000Z,1052.8,1016.9766845703125,
2017-07-27T00:00:00.000Z,1046.0,1026.1954345703125,
2017-07-28T00:00:00.000Z,1020.04,1021.3330078125,
2017-07-31T00:00:00.000Z,987.78,1003.063232421875,
2017-08-01T00:00:00.000Z,992.27,981.0072021484375,
2017-08-02T00:00:00.000Z,995.89,984.0342407226562,
2017-08-03T00:00:00.000Z,986.92,986.4847412109375,
2017-08-04T00:00:00.000Z,987.58,980.42919921875,
2017-08-07T00:00:00.000Z,992.27,980.872802734375,
2017-08-08T00:00:00.000Z,989.84,984.0342407226562,
2017-08-09T00:00:00.000Z,982.01,982.3946533203125,
2017-08-10T00:00:00.000Z,956.92,977.1380615234375,
2017-08-11T00:00:00.000Z,967.99,960.5764770507812,
2017-08-14T00:00:00.000Z,983.3,967.830078125,
2017-08-15T00:00:00.000Z,982.74,978.0010375976562,
2017-08-16T00:00:00.000Z,978.18,977.6258544921875,
2017-08-17T00:00:00.000Z,960.57,974.5819702148438,
2017-08-18T00:00:00.000Z,958.47,962.9590454101562,
2017-08-21T00:00:00.000Z,953.29,961.5869750976562,
2017-08-22T00:00:00.000Z,966.9,958.2159423828125,
2017-08-23T00:00:00.000Z,958.0,967.1128540039062,
2017-08-24T00:00:00.000Z,952.45,961.2802734375,
2017-08-25T00:00:00.000Z,945.26,957.6710205078125,
2017-08-28T00:00:00.000Z,946.02,953.0259399414062,
2017-08-29T00:00:00.000Z,954.06,953.5155029296875,
2017-08-30T00:00:00.000Z,967.59,958.7158813476562,
2017-08-31T00:00:00.000Z,980.6,967.56689453125,
2017-09-01T00:00:00.000Z,978.25,976.195556640625,
2017-09-05T00:00:00.000Z,965.27,974.6283569335938,
2017-09-06T00:00:00.000Z,967.8,966.040283203125,
2017-09-07T00:00:00.000Z,979.47,967.7052001953125,
2017-09-08T00:00:00.000Z,965.9,975.4415893554688,
2017-09-11T00:00:00.000Z,977.96,966.4546508789062,
2017-09-12T00:00:00.000Z,982.58,974.4354248046875,
2017-09-13T00:00:00.000Z,999.6,977.5189208984375,
2017-09-14T00:00:00.000Z,992.21,989.0054321289062,
2017-09-15T00:00:00.000Z,986.79,983.993896484375,
2017-09-18T00:00:00.000Z,974.19,980.342041015625,
2017-09-19T00:00:00.000Z,969.86,971.9298706054688,
2017-09-20T00:00:00.000Z,973.21,969.0642700195312,
2017-09-21T00:00:00.000Z,964.65,971.2803955078125,
2017-09-22T00:00:00.000Z,955.1,965.633056640625,
2017-09-25T00:00:00.000Z,939.79,959.3917846679688,
2017-09-26T00:00:00.000Z,938.6,949.5156860351562,
2017-09-27T00:00:00.000Z,950.87,948.7544555664062,
2017-09-28T00:00:00.000Z,956.4,956.6470947265625,
2017-09-29T00:00:00.000Z,961.35,960.2377319335938,
2017-10-02T00:00:00.000Z,959.19,963.4695434570312,
2017-10-03T00:00:00.000Z,957.1,962.0571899414062,
2017-10-04T00:00:00.000Z,965.45,960.69384765625,
2017-10-05T00:00:00.000Z,980.85,966.1588745117188,
2017-10-06T00:00:00.000Z,989.58,976.3626708984375,
2017-10-09T00:00:00.000Z,990.99,982.2191772460938,
2017-10-10T00:00:00.000Z,987.2,983.169921875,
2017-10-11T00:00:00.000Z,995.0,980.6179809570312,
2017-10-12T00:00:00.000Z,1000.93,985.8814697265625,
2017-10-13T00:00:00.000Z,1002.94,989.9114990234375,
2017-10-16T00:00:00.000Z,1006.34,991.2828369140625,
2017-10-17T00:00:00.000Z,1009.13,993.609130859375,
2017-10-18T00:00:00.000Z,997.0,995.5239868164062,
2017-10-19T00:00:00.000Z,986.61,987.238037109375,
2017-10-20T00:00:00.000Z,982.91,980.2210693359375,
2017-10-23T00:00:00.000Z,966.3,977.7399291992188,
2017-10-24T00:00:00.000Z,975.9,966.7178344726562,
2017-10-25T00:00:00.000Z,972.91,973.0653076171875,
2017-10-26T00:00:00.000Z,972.43,971.0816040039062,
2017-10-27T00:00:00.000Z,1100.95,970.7637329101562,
2017-10-30T00:00:00.000Z,1110.85,1061.545166015625,
2017-10-31T00:00:00.000Z,1105.28,1069.0126953125,
2017-11-01T00:00:00.000Z,1103.68,1064.8031005859375,
2017-11-02T00:00:00.000Z,1094.22,1063.597900390625,
2017-11-03T00:00:00.000Z,1111.6,1056.5074462890625,
2017-11-06T00:00:00.000Z,1120.66,1069.5811767578125,
2017-11-07T00:00:00.000Z,1123.17,1076.4794921875,
2017-11-08T00:00:00.000Z,1132.88,1078.400390625,
2017-11-09T00:00:00.000Z,1129.13,1085.8736572265625,
2017-11-10T00:00:00.000Z,1125.35,1082.979736328125,
2017-11-13T00:00:00.000Z,1129.17,1080.072509765625,
2017-11-14T00:00:00.000Z,1136.84,1083.0107421875,
2017-11-15T00:00:00.000Z,1126.69,1088.93994140625,
2017-11-16T00:00:00.000Z,1137.29,1081.102294921875,
2017-11-17T00:00:00.000Z,1129.88,1089.2894287109375,
2017-11-20T00:00:00.000Z,1126.31,1083.5579833984375,
2017-11-21T00:00:00.000Z,1139.49,1080.81005859375,
2017-11-22T00:00:00.000Z,1156.16,1090.998291015625,
2017-11-24T00:00:00.000Z,1186.0,1104.056884765625,
2017-11-27T00:00:00.000Z,1195.83,1127.91015625,
2017-11-28T00:00:00.000Z,1193.6,1135.902099609375,
2017-11-29T00:00:00.000Z,1161.27,1134.0828857421875,
2017-11-30T00:00:00.000Z,1176.75,1108.0977783203125,
2017-12-01T00:00:00.000Z,1162.35,1120.4501953125,
2017-12-04T00:00:00.000Z,1133.95,1108.9541015625,
2017-12-05T00:00:00.000Z,1141.57,1086.701416015625,
2017-12-06T00:00:00.000Z,1152.35,1092.6173095703125,
2017-12-07T00:00:00.000Z,1159.79,1101.0552978515625,
2017-12-08T00:00:00.000Z,1162.0,1106.9254150390625,
2017-12-11T00:00:00.000Z,1168.92,1108.6768798828125,
2017-12-12T00:00:00.000Z,1165.08,1114.1817626953125,
2017-12-13T00:00:00.000Z,1164.13,1111.1229248046875,
2017-12-14T00:00:00.000Z,1174.26,1110.367919921875,
2017-12-15T00:00:00.000Z,1179.14,1118.4517822265625,
2017-12-18T00:00:00.000Z,1190.58,1122.3719482421875,
2017-12-19T00:00:00.000Z,1187.38,1131.6256103515625,
2017-12-20T00:00:00.000Z,1177.62,1129.0281982421875,
2017-12-21T00:00:00.000Z,1174.76,1121.1494140625,
2017-12-22T00:00:00.000Z,1168.36,1118.85302734375,
2017-12-26T00:00:00.000Z,1176.76,1113.734619140625,
2017-12-27T00:00:00.000Z,1182.26,1120.4583740234375,
2017-12-28T00:00:00.000Z,1186.1,1124.886962890625,
2017-12-29T00:00:00.000Z,1169.47,1127.9912109375,
2018-01-02T00:00:00.000Z,1189.01,1114.620849609375,
2018-01-03T00:00:00.000Z,1204.2,1130.35009765625,
2018-01-04T00:00:00.000Z,1209.59,1142.7587890625,
2018-01-05T00:00:00.000Z,1229.14,1147.2003173828125,
2018-01-08T00:00:00.000Z,1246.87,1163.473388671875,
2018-01-09T00:00:00.000Z,1252.7,1178.4561767578125,
2018-01-10T00:00:00.000Z,1254.33,1183.4287109375,
2018-01-11T00:00:00.000Z,1276.68,1184.8231201171875,
2018-01-12T00:00:00.000Z,1305.2,1204.1212158203125,
2018-01-16T00:00:00.000Z,1304.86,1229.2269287109375,
2018-01-17T00:00:00.000Z,1295.0,1228.9244384765625,
2018-01-18T00:00:00.000Z,1293.32,1220.186767578125,
2018-01-19T00:00:00.000Z,1294.58,1218.704345703125,
2018-01-22T00:00:00.000Z,1327.31,1219.8160400390625,
2018-01-23T00:00:00.000Z,1362.54,1249.054931640625,
2018-01-24T00:00:00.000Z,1357.51,1281.29443359375,
2018-01-25T00:00:00.000Z,1377.95,1276.6434326171875,
2018-01-26T00:00:00.000Z,1402.05,1295.64111328125,
2018-01-29T00:00:00.000Z,1417.68,1318.3702392578125,
2018-01-30T00:00:00.000Z,1437.82,1333.29833984375,
2018-01-31T00:00:00.000Z,1450.89,1352.7467041015625,
2018-02-01T00:00:00.000Z,1390.0,1365.4932861328125,
2018-02-02T00:00:00.000Z,1429.95,1306.9615478515625,
2018-02-05T00:00:00.000Z,1390.0,1345.1190185546875,
2018-02-06T00:00:00.000Z,1442.84,1306.9615478515625,
2018-02-07T00:00:00.000Z,1416.78,1357.6309814453125,
2018-02-08T00:00:00.000Z,1350.5,1332.4351806640625,
2018-02-09T00:00:00.000Z,1339.6,1270.188232421875,
2018-02-12T00:00:00.000Z,1386.23,1260.2120361328125,
2018-02-13T00:00:00.000Z,1414.51,1303.4102783203125,
2018-02-14T00:00:00.000Z,1451.05,1330.259033203125,
2018-02-15T00:00:00.000Z,1461.76,1365.6500244140625,
2018-02-16T00:00:00.000Z,1448.69,1376.16845703125,
2018-02-20T00:00:00.000Z,1468.35,1363.3411865234375,
2018-02-21T00:00:00.000Z,1482.92,1382.6728515625,
2018-02-22T00:00:00.000Z,1485.34,1397.1383056640625,
2018-02-23T00:00:00.000Z,1500.0,1399.5521240234375,
2018-02-26T00:00:00.000Z,1521.95,1414.242919921875,
2018-02-27T00:00:00.000Z,1511.98,1436.4510498046875,
2018-02-28T00:00:00.000Z,1512.45,1426.33251953125,
2018-03-01T00:00:00.000Z,1493.45,1426.808349609375,
2018-03-02T00:00:00.000Z,1500.25,1407.6650390625,
2018-03-05T00:00:00.000Z,1523.61,1414.4942626953125,
2018-03-06T00:00:00.000Z,1537.64,1438.140625,
2018-03-07T00:00:00.000Z,1545.0,1452.4769287109375,
2018-03-08T00:00:00.000Z,1551.86,1460.0372314453125,
2018-03-09T00:00:00.000Z,1578.89,1467.1075439453125,
2018-03-12T00:00:00.000Z,1598.39,1495.1864013671875,
2018-03-13T00:00:00.000Z,1588.18,1515.6519775390625,
2018-03-14T00:00:00.000Z,1591.0,1504.9150390625,
2018-03-15T00:00:00.000Z,1582.32,1507.8760986328125,
2018-03-16T00:00:00.000Z,1571.68,1498.7735595703125,
2018-03-19T00:00:00.000Z,1544.93,1487.6630859375,
2018-03-20T00:00:00.000Z,1586.51,1459.9652099609375,
2018-03-21T00:00:00.000Z,1581.86,1503.1630859375,
2018-03-22T00:00:00.000Z,1544.92,1498.2923583984375,
2018-03-23T00:00:00.000Z,1495.56,1459.9549560546875,
2018-03-26T00:00:00.000Z,1555.86,1409.78173828125,
2018-03-27T00:00:00.000Z,1497.05,1471.24072265625,
2018-03-28T00:00:00.000Z,1431.42,1411.2774658203125,
2018-03-29T00:00:00.000Z,1447.34,1346.540771484375,
2018-04-02T00:00:00.000Z,1371.99,1362.0216064453125,
2018-04-03T00:00:00.000Z,1392.05,1290.07470703125,
2018-04-04T00:00:00.000Z,1410.57,1308.896240234375,
2018-04-05T00:00:00.000Z,1451.75,1326.4896240234375,
2018-04-06T00:00:00.000Z,1405.23,1366.3355712890625,
2018-04-09T00:00:00.000Z,1406.08,1321.3958740234375,
2018-04-10T00:00:00.000Z,1436.22,1322.2054443359375,
2018-04-11T00:00:00.000Z,1427.05,1351.1929931640625,
2018-04-12T00:00:00.000Z,1448.5,1342.317138671875,
2018-04-13T00:00:00.000Z,1430.79,1363.1553955078125,
2018-04-16T00:00:00.000Z,1441.5,1345.9312744140625,
2018-04-17T00:00:00.000Z,1503.83,1356.3258056640625,
2018-04-18T00:00:00.000Z,1527.84,1418.0997314453125,
2018-04-19T00:00:00.000Z,1556.91,1442.452392578125,
2018-04-20T00:00:00.000Z,1527.49,1472.3272705078125,
2018-04-23T00:00:00.000Z,1517.86,1442.0955810546875,
2018-04-24T00:00:00.000Z,1460.09,1432.2939453125,
2018-04-25T00:00:00.000Z,1460.17,1374.5242919921875,
2018-04-26T00:00:00.000Z,1517.96,1374.60302734375,
2018-04-27T00:00:00.000Z,1572.62,1432.395263671875,
2018-04-30T00:00:00.000Z,1566.13,1488.642333984375,
2018-05-01T00:00:00.000Z,1582.26,1481.8883056640625,
2018-05-02T00:00:00.000Z,1569.68,1498.7109375,
2018-05-03T00:00:00.000Z,1572.08,1485.5804443359375,
2018-05-04T00:00:00.000Z,1580.95,1488.0794677734375,
2018-05-07T00:00:00.000Z,1600.14,1497.34033203125,
2018-05-08T00:00:00.000Z,1592.39,1517.4971923828125,
2018-05-09T00:00:00.000Z,1608.0,1509.3369140625,
2018-05-10T00:00:00.000Z,1609.08,1525.8001708984375,
2018-05-11T00:00:00.000Z,1602.91,1526.9434814453125,
2018-05-14T00:00:00.000Z,1601.54,1520.4202880859375,
2018-05-15T00:00:00.000Z,1576.12,1518.9742431640625,
2018-05-16T00:00:00.000Z,1587.28,1492.2930908203125,
2018-05-17T00:00:00.000Z,1581.76,1503.9708251953125,
2018-05-18T00:00:00.000Z,1574.37,1498.1875,
2018-05-21T00:00:00.000Z,1585.46,1490.4671630859375,
2018-05-22T00:00:00.000Z,1581.4,1502.0623779296875,
2018-05-23T00:00:00.000Z,1601.86,1497.8109130859375,
2018-05-24T00:00:00.000Z,1603.07,1519.3118896484375,
2018-05-25T00:00:00.000Z,1610.15,1520.5892333984375,
2018-05-29T00:00:00.000Z,1612.87,1528.0762939453125,
2018-05-30T00:00:00.000Z,1624.89,1530.958251953125,
2018-05-31T00:00:00.000Z,1629.62,1543.7318115234375,
2018-06-01T00:00:00.000Z,1641.54,1548.7747802734375,
2018-06-04T00:00:00.000Z,1665.27,1561.5238037109375,
2018-06-05T00:00:00.000Z,1696.35,1587.0694580078125,
2018-06-06T00:00:00.000Z,1695.75,1620.839599609375,
2018-06-07T00:00:00.000Z,1689.3,1620.1845703125,
2018-06-08T00:00:00.000Z,1683.99,1613.14990234375,
2018-06-11T00:00:00.000Z,1689.12,1607.369140625,
2018-06-12T00:00:00.000Z,1698.75,1612.953857421875,
2018-06-13T00:00:00.000Z,1704.86,1623.4610595703125,
2018-06-14T00:00:00.000Z,1723.86,1630.1439208984375,
2018-06-15T00:00:00.000Z,1715.97,1651.0008544921875,
2018-06-18T00:00:00.000Z,1723.79,1642.3260498046875,
2018-06-19T00:00:00.000Z,1734.78,1650.923828125,
2018-06-20T00:00:00.000Z,1750.08,1663.0377197265625,
2018-06-21T00:00:00.000Z,1730.22,1679.960693359375,
2018-06-22T00:00:00.000Z,1715.67,1658.00732421875,
2018-06-25T00:00:00.000Z,1663.15,1641.9967041015625,
2018-06-26T00:00:00.000Z,1691.09,1584.778564453125,
2018-06-27T00:00:00.000Z,1660.51,1615.1005859375,
2018-06-28T00:00:00.000Z,1701.45,1581.9281005859375,
2018-06-29T00:00:00.000Z,1699.8,1626.41259765625,
2018-07-02T00:00:00.000Z,1713.78,1624.60888671875,
2018-07-03T00:00:00.000Z,1693.96,1639.9215087890625,
2018-07-05T00:00:00.000Z,1699.73,1618.2308349609375,
2018-07-06T00:00:00.000Z,1710.63,1624.5321044921875,
2018-07-09T00:00:00.000Z,1739.02,1636.4659423828125,
2018-07-10T00:00:00.000Z,1743.07,1667.7210693359375,
2018-07-11T00:00:00.000Z,1755.0,1672.19921875,
2018-07-12T00:00:00.000Z,1796.62,1685.4161376953125,
2018-07-13T00:00:00.000Z,1813.03,1731.8067626953125,
2018-07-16T00:00:00.000Z,1822.49,1750.203857421875,
2018-07-17T00:00:00.000Z,1843.93,1760.8331298828125,
2018-07-18T00:00:00.000Z,1842.92,1784.981201171875,
2018-07-19T00:00:00.000Z,1812.97,1783.8419189453125,
2018-07-20T00:00:00.000Z,1813.7,1750.1365966796875,
2018-07-23T00:00:00.000Z,1802.0,1750.9560546875,
2018-07-24T00:00:00.000Z,1829.24,1737.8321533203125,
2018-07-25T00:00:00.000Z,1863.61,1768.427490234375,
2018-07-26T00:00:00.000Z,1808.0,1807.208740234375,
2018-07-27T00:00:00.000Z,1817.27,1744.5592041015625,
2018-07-30T00:00:00.000Z,1779.22,1754.966064453125,
2018-07-31T00:00:00.000Z,1777.44,1712.3623046875,
2018-08-01T00:00:00.000Z,1797.17,1710.377197265625,
2018-08-02T00:00:00.000Z,1834.33,1732.4224853515625,
2018-08-03T00:00:00.000Z,1823.29,1774.1591796875,
2018-08-06T00:00:00.000Z,1847.75,1761.7327880859375,
2018-08-07T00:00:00.000Z,1862.48,1789.2913818359375,
2018-08-08T00:00:00.000Z,1886.52,1805.93115234375,
2018-08-09T00:00:00.000Z,1898.52,1833.1453857421875,
2018-08-10T00:00:00.000Z,1886.3,1846.751953125,
2018-08-13T00:00:00.000Z,1896.2,1832.8961181640625,
2018-08-14T00:00:00.000Z,1919.65,1844.120361328125,
2018-08-15T00:00:00.000Z,1882.62,1870.7379150390625,
2018-08-16T00:00:00.000Z,1886.52,1828.7261962890625,
2018-08-17T00:00:00.000Z,1882.22,1833.1453857421875,
2018-08-20T00:00:00.000Z,1876.71,1828.27294921875,
2018-08-21T00:00:00.000Z,1883.42,1822.0322265625,
2018-08-22T00:00:00.000Z,1904.9,1829.6324462890625,
2018-08-23T00:00:00.000Z,1902.9,1853.990966796875,
2018-08-24T00:00:00.000Z,1905.39,1851.721435546875,
2018-08-27T00:00:00.000Z,1927.68,1854.547119140625,
2018-08-28T00:00:00.000Z,1932.82,1879.860107421875,
2018-08-29T00:00:00.000Z,1998.1,1885.700927734375,
2018-08-30T00:00:00.000Z,2002.38,1959.90234375,
2018-08-31T00:00:00.000Z,2012.71,1964.7640380859375,
2018-09-04T00:00:00.000Z,2039.51,1976.493408203125,
2018-09-05T00:00:00.000Z,1994.82,2006.8865966796875,
2018-09-06T00:00:00.000Z,1958.31,1956.1761474609375,
2018-09-07T00:00:00.000Z,1952.07,1914.6761474609375,
2018-09-10T00:00:00.000Z,1939.01,1907.5819091796875,
2018-09-11T00:00:00.000Z,1987.15,1892.73583984375,
2018-09-12T00:00:00.000Z,1990.0,1947.460693359375,
2018-09-13T00:00:00.000Z,1989.87,1950.69921875,
2018-09-14T00:00:00.000Z,1970.19,1950.5516357421875,
2018-09-17T00:00:00.000Z,1908.03,1928.1824951171875,
2018-09-18T00:00:00.000Z,1941.05,1857.5435791015625,
2018-09-19T00:00:00.000Z,1926.42,1895.0546875,
2018-09-20T00:00:00.000Z,1944.3,1878.4285888671875,
2018-09-21T00:00:00.000Z,1915.01,1898.7489013671875,
2018-09-24T00:00:00.000Z,1934.36,1865.46826171875,
2018-09-25T00:00:00.000Z,1974.55,1887.4510498046875,
2018-09-26T00:00:00.000Z,1974.85,1933.1390380859375,
2018-09-27T00:00:00.000Z,2012.98,1933.47998046875,
2018-09-28T00:00:00.000Z,2003.0,1976.7998046875,
2018-10-01T00:00:00.000Z,2004.36,1965.4681396484375,
2018-10-02T00:00:00.000Z,1971.31,1967.0126953125,
2018-10-03T00:00:00.000Z,1952.76,1929.4556884765625,
2018-10-04T00:00:00.000Z,1909.42,1908.3663330078125,
2018-10-05T00:00:00.000Z,1889.65,1859.1214599609375,
2018-10-08T00:00:00.000Z,1864.42,1836.693115234375,
2018-10-09T00:00:00.000Z,1870.32,1808.124755859375,
2018-10-10T00:00:00.000Z,1755.25,1814.799072265625,
2018-10-11T00:00:00.000Z,1719.36,1685.693603515625,
2018-10-12T00:00:00.000Z,1788.61,1646.0509033203125,
2018-10-15T00:00:00.000Z,1760.95,1722.8472900390625,
2018-10-16T00:00:00.000Z,1819.96,1692.022216796875,
2018-10-17T00:00:00.000Z,1831.73,1757.9888916015625,
2018-10-18T00:00:00.000Z,1770.72,1771.23095703125,
2018-10-19T00:00:00.000Z,1764.03,1702.88916015625,
2018-10-22T00:00:00.000Z,1789.3,1695.4454345703125,
2018-10-23T00:00:00.000Z,1768.7,1723.6185302734375,
2018-10-24T00:00:00.000Z,1664.2,1700.6402587890625,
2018-10-25T00:00:00.000Z,1782.17,1585.9130859375,
2018-10-26T00:00:00.000Z,1642.81,1715.6541748046875,
2018-10-29T00:00:00.000Z,1538.88,1562.8853759765625,
2018-10-30T00:00:00.000Z,1530.42,1453.7490234375,
2018-10-31T00:00:00.000Z,1598.01,1445.0870361328125,
2018-11-01T00:00:00.000Z,1665.53,1515.251953125,
2018-11-02T00:00:00.000Z,1665.53,1587.3504638671875,
2018-11-05T00:00:00.000Z,1627.8,1587.3504638671875,
2018-11-06T00:00:00.000Z,1642.81,1546.833251953125,
2018-11-07T00:00:00.000Z,1755.49,1562.8853759765625,
2018-11-08T00:00:00.000Z,1754.91,1685.959716796875,
2018-11-09T00:00:00.000Z,1712.43,1685.3162841796875,
2018-11-12T00:00:00.000Z,1636.85,1638.440185546875,
2018-11-13T00:00:00.000Z,1631.17,1556.500732421875,
2018-11-14T00:00:00.000Z,1599.01,1550.4293212890625,
2018-11-15T00:00:00.000Z,1619.44,1516.3057861328125,
2018-11-16T00:00:00.000Z,1593.41,1537.9326171875,
2018-11-19T00:00:00.000Z,1512.29,1510.4093017578125,
2018-11-20T00:00:00.000Z,1495.46,1426.646484375,
2018-11-21T00:00:00.000Z,1516.73,1409.6812744140625,
2018-11-23T00:00:00.000Z,1502.06,1431.146728515625,
2018-11-26T00:00:00.000Z,1581.33,1416.31640625,
2018-11-27T00:00:00.000Z,1581.42,1497.7379150390625,
2018-11-28T00:00:00.000Z,1677.75,1497.83203125,
2018-11-29T00:00:00.000Z,1673.57,1600.5887451171875,
2018-11-30T00:00:00.000Z,1690.17,1596.0545654296875,
2018-12-03T00:00:00.000Z,1772.36,1614.0980224609375,
2018-12-04T00:00:00.000Z,1668.4,1704.7154541015625,
2018-12-06T00:00:00.000Z,1699.19,1590.4547119140625,
2018-12-07T00:00:00.000Z,1629.13,1623.942138671875,
2018-12-10T00:00:00.000Z,1641.03,1548.251953125,
2018-12-11T00:00:00.000Z,1643.24,1560.97705078125,
2018-12-12T00:00:00.000Z,1663.54,1563.3466796875,
2018-12-13T00:00:00.000Z,1658.38,1585.1998291015625,
2018-12-14T00:00:00.000Z,1591.91,1579.630126953125,
2018-12-17T00:00:00.000Z,1520.91,1508.8323974609375,
2018-12-18T00:00:00.000Z,1551.48,1435.3931884765625,
2018-12-19T00:00:00.000Z,1495.08,1466.7152099609375,
2018-12-20T00:00:00.000Z,1460.83,1409.2999267578125,
2018-12-21T00:00:00.000Z,1377.45,1375.2529296875,
2018-12-24T00:00:00.000Z,1343.96,1295.1732177734375,
2018-12-26T00:00:00.000Z,1470.9,1264.1934814453125,
2018-12-27T00:00:00.000Z,1461.64,1385.1961669921875,
2018-12-28T00:00:00.000Z,1478.02,1376.05029296875,
2018-12-31T00:00:00.000Z,1501.97,1392.260498046875,
2019-01-02T00:00:00.000Z,1539.13,1416.2257080078125,
2019-01-03T00:00:00.000Z,1500.28,1454.0054931640625,
2019-01-04T00:00:00.000Z,1575.39,1414.524658203125,
2019-01-07T00:00:00.000Z,1629.51,1491.531005859375,
2019-01-08T00:00:00.000Z,1656.58,1548.657470703125,
2019-01-09T00:00:00.000Z,1659.42,1577.689697265625,
2019-01-10T00:00:00.000Z,1656.22,1580.751953125,
2019-01-11T00:00:00.000Z,1640.56,1577.3017578125,
2019-01-14T00:00:00.000Z,1617.21,1560.4735107421875,
2019-01-15T00:00:00.000Z,1674.56,1535.5634765625,
2019-01-16T00:00:00.000Z,1683.78,1597.127685546875,
2019-01-17T00:00:00.000Z,1693.22,1607.140869140625,
2019-01-18T00:00:00.000Z,1696.2,1617.423583984375,
2019-01-22T00:00:00.000Z,1632.17,1620.67578125,
2019-01-23T00:00:00.000Z,1640.02,1551.497314453125,
2019-01-24T00:00:00.000Z,1654.93,1559.8948974609375,
2019-01-25T00:00:00.000Z,1670.57,1575.911865234375,
2019-01-28T00:00:00.000Z,1637.89,1592.8037109375,
2019-01-29T00:00:00.000Z,1593.88,1557.614013671875,
2019-01-30T00:00:00.000Z,1670.43,1510.90380859375,
2019-01-31T00:00:00.000Z,1718.73,1592.65234375,
2019-02-01T00:00:00.000Z,1626.23,1645.3582763671875,
2019-02-04T00:00:00.000Z,1633.31,1545.1593017578125,
2019-02-05T00:00:00.000Z,1658.81,1552.71533203125,
2019-02-06T00:00:00.000Z,1640.26,1580.093994140625,
2019-02-07T00:00:00.000Z,1614.37,1560.152099609375,
2019-02-08T00:00:00.000Z,1588.22,1532.548828125,
2019-02-11T00:00:00.000Z,1591.0,1504.957275390625,
2019-02-12T00:00:00.000Z,1638.01,1507.8760986328125,
2019-02-13T00:00:00.000Z,1640.0,1557.7421875,
2019-02-14T00:00:00.000Z,1622.65,1559.8734130859375,
2019-02-15T00:00:00.000Z,1607.95,1541.3468017578125,
2019-02-19T00:00:00.000Z,1627.58,1525.747314453125,
2019-02-20T00:00:00.000Z,1622.1,1546.598876953125,
2019-02-21T00:00:00.000Z,1619.44,1540.761474609375,
2019-02-22T00:00:00.000Z,1631.56,1537.9326171875,
2019-02-25T00:00:00.000Z,1633.0,1550.8458251953125,
2019-02-26T00:00:00.000Z,1636.4,1552.384033203125,
2019-02-27T00:00:00.000Z,1641.09,1556.019287109375,
2019-02-28T00:00:00.000Z,1639.83,1561.0413818359375,
2019-03-01T00:00:00.000Z,1671.73,1559.69140625,
2019-03-04T00:00:00.000Z,1696.17,1594.060546875,
2019-03-05T00:00:00.000Z,1692.43,1620.64306640625,
2019-03-06T00:00:00.000Z,1668.95,,
2019-03-07T00:00:00.000Z,1625.95,,
2019-03-08T00:00:00.000Z,1620.8,,1544.861083984375
2019-03-11T00:00:00.000Z,1670.62,,1539.378662109375
2019-03-12T00:00:00.000Z,1673.1,,1592.8580322265625
2019-03-13T00:00:00.000Z,1690.81,,1595.544921875
2019-03-14T00:00:00.000Z,1686.22,,1614.79541015625
2019-03-15T00:00:00.000Z,1712.36,,1609.795654296875
2019-03-18T00:00:00.000Z,1742.15,,1638.36328125
2019-03-19T00:00:00.000Z,1761.85,,1671.181640625
2019-03-20T00:00:00.000Z,1797.27,,1693.0220947265625
2019-03-21T00:00:00.000Z,1819.26,,1732.534423828125
2019-03-22T00:00:00.000Z,1764.77,,1757.2021484375
2019-03-25T00:00:00.000Z,1774.26,,1696.26806640625
2019-03-26T00:00:00.000Z,1783.76,,1706.8321533203125
2019-03-27T00:00:00.000Z,1765.7,,1717.42919921875
2019-03-28T00:00:00.000Z,1773.42,,1697.3026123046875
2019-03-29T00:00:00.000Z,1780.75,,1705.8963623046875
2019-04-01T00:00:00.000Z,1814.19,,1714.0693359375
2019-04-02T00:00:00.000Z,1813.98,,1751.5062255859375
2019-04-03T00:00:00.000Z,1820.7,,1751.2705078125
2019-04-04T00:00:00.000Z,1818.86,,1758.820556640625
2019-04-05T00:00:00.000Z,1837.28,,1756.752685546875
2019-04-08T00:00:00.000Z,1849.86,,1777.483154296875
2019-04-09T00:00:00.000Z,1835.84,,1791.6729736328125
2019-04-10T00:00:00.000Z,1847.33,,1775.8604736328125
2019-04-11T00:00:00.000Z,1844.07,,1788.8173828125
2019-04-12T00:00:00.000Z,1843.06,,1785.13916015625
2019-04-15T00:00:00.000Z,1844.87,,1783.9998779296875
2019-04-16T00:00:00.000Z,1863.04,,1786.0416259765625
2019-04-17T00:00:00.000Z,1864.82,,1806.564208984375
2019-04-18T00:00:00.000Z,1861.69,,1808.576904296875
2019-04-22T00:00:00.000Z,1887.31,,1805.0379638671875
2019-04-23T00:00:00.000Z,1923.77,,1834.040771484375
2019-04-24T00:00:00.000Z,1901.75,,1875.41796875
2019-04-25T00:00:00.000Z,1902.25,,1850.41650390625
2019-04-26T00:00:00.000Z,1950.63,,1850.9837646484375
2019-04-29T00:00:00.000Z,1938.43,,1905.94482421875
2019-04-30T00:00:00.000Z,1926.52,,1892.0765380859375
2019-05-01T00:00:00.000Z,1911.52,,1878.542236328125
2019-05-02T00:00:00.000Z,1900.82,,1861.505615234375
2019-05-03T00:00:00.000Z,1962.46,,1849.361328125
2019-05-06T00:00:00.000Z,1950.55,,1919.394287109375
2019-05-07T00:00:00.000Z,1921.0,,1905.85400390625
2019-05-08T00:00:00.000Z,1917.77,,1872.2713623046875
2019-05-09T00:00:00.000Z,1899.87,,1868.6026611328125
2019-05-10T00:00:00.000Z,1889.98,,1848.283447265625
2019-05-13T00:00:00.000Z,1822.68,,1837.0673828125
2019-05-14T00:00:00.000Z,1840.12,,1761.046875
2019-05-15T00:00:00.000Z,1871.15,,1780.6844482421875
2019-05-16T00:00:00.000Z,1907.57,,1815.7381591796875
2019-05-17T00:00:00.000Z,1869.0,,1857.021484375
2019-05-20T00:00:00.000Z,1858.97,,1813.3055419921875
2019-05-21T00:00:00.000Z,1857.52,,1801.96337890625
2019-05-22T00:00:00.000Z,1859.68,,1800.3245849609375
2019-05-23T00:00:00.000Z,1815.48,,1802.765625
2019-05-24T00:00:00.000Z,1823.28,,1752.955078125
2019-05-28T00:00:00.000Z,1836.43,,1761.7215576171875
2019-05-29T00:00:00.000Z,1819.19,,1776.525390625
2019-05-30T00:00:00.000Z,1816.32,,1757.12353515625
2019-05-31T00:00:00.000Z,1775.07,,1753.8985595703125
2019-06-03T00:00:00.000Z,1692.69,,1707.7349853515625
2019-06-04T00:00:00.000Z,1729.56,,1616.845458984375
2019-06-05T00:00:00.000Z,1738.5,,1657.2796630859375
2019-06-06T00:00:00.000Z,1754.36,,1667.1463623046875
2019-06-07T00:00:00.000Z,1804.03,,1684.7061767578125
2019-06-10T00:00:00.000Z,1860.63,,1740.107421875
2019-06-11T00:00:00.000Z,1863.7,,1803.839599609375
2019-06-12T00:00:00.000Z,1855.32,,1807.3104248046875
2019-06-13T00:00:00.000Z,1870.3,,1797.839111328125
2019-06-14T00:00:00.000Z,1869.67,,1814.7763671875
2019-06-17T00:00:00.000Z,1886.03,,1814.0634765625
2019-06-18T00:00:00.000Z,1901.37,,1832.5902099609375
2019-06-19T00:00:00.000Z,1908.79,,1849.9852294921875
2019-06-20T00:00:00.000Z,1918.19,,1858.40625
2019-06-21T00:00:00.000Z,1911.3,,1869.0797119140625
2019-06-24T00:00:00.000Z,1913.9,,1861.255859375
2019-06-25T00:00:00.000Z,1878.27,,1864.2078857421875
2019-06-26T00:00:00.000Z,1897.83,,1823.7987060546875
2019-06-27T00:00:00.000Z,1904.28,,1845.9693603515625
2019-06-28T00:00:00.000Z,1893.63,,1853.287353515625
2019-07-01T00:00:00.000Z,1922.19,,1841.205810546875
2019-07-02T00:00:00.000Z,1934.31,,1873.6231689453125
2019-07-03T00:00:00.000Z,1939.0,,1887.3941650390625
2019-07-05T00:00:00.000Z,1942.91,,1892.7244873046875
2019-07-08T00:00:00.000Z,1952.32,,1897.1688232421875
2019-07-09T00:00:00.000Z,1988.3,,1907.8662109375
2019-07-10T00:00:00.000Z,2017.41,,1948.767578125
2019-07-11T00:00:00.000Z,2001.07,,1981.827880859375
2019-07-12T00:00:00.000Z,2011.0,,1963.276123046875
2019-07-15T00:00:00.000Z,2020.99,,1974.55224609375
2019-07-16T00:00:00.000Z,2009.9,,1985.889892578125
2019-07-17T00:00:00.000Z,1992.03,,1973.3033447265625
2019-07-18T00:00:00.000Z,1977.9,,1953.006103515625
2019-07-19T00:00:00.000Z,1964.52,,1936.9471435546875
2019-07-22T00:00:00.000Z,1985.63,,1921.7364501953125
2019-07-23T00:00:00.000Z,1994.49,,1945.733154296875
2019-07-24T00:00:00.000Z,2000.81,,1955.8011474609375
2019-07-25T00:00:00.000Z,1973.82,,1962.9808349609375
2019-07-26T00:00:00.000Z,1943.05,,1932.30908203125
2019-07-29T00:00:00.000Z,1912.45,,1897.327880859375
2019-07-30T00:00:00.000Z,1898.53,,1862.5614013671875
2019-07-31T00:00:00.000Z,1866.78,,1846.763427734375
2019-08-01T00:00:00.000Z,1855.32,,1810.7938232421875
2019-08-02T00:00:00.000Z,1823.24,,1797.839111328125
2019-08-05T00:00:00.000Z,1765.13,,1761.6766357421875
2019-08-06T00:00:00.000Z,1787.83,,1696.66845703125
2019-08-07T00:00:00.000Z,1793.4,,1721.9754638671875
2019-08-08T00:00:00.000Z,1832.89,,1728.203369140625
2019-08-09T00:00:00.000Z,1807.58,,1772.5372314453125
2019-08-12T00:00:00.000Z,1784.92,,1744.087890625
2019-08-13T00:00:00.000Z,1824.34,,1718.7244873046875
2019-08-14T00:00:00.000Z,1762.96,,1762.9139404296875
2019-08-15T00:00:00.000Z,1776.12,,1694.255859375
2019-08-16T00:00:00.000Z,1792.57,,1708.905517578125
2019-08-19T00:00:00.000Z,1816.12,,1727.27490234375
2019-08-20T00:00:00.000Z,1801.38,,1753.674072265625
2019-08-21T00:00:00.000Z,1823.54,,1737.137451171875
2019-08-22T00:00:00.000Z,1805.6,,1762.0140380859375
2019-08-23T00:00:00.000Z,1749.62,,1741.8675537109375
2019-08-26T00:00:00.000Z,1768.87,,1679.4508056640625
2019-08-27T00:00:00.000Z,1761.83,,1700.8294677734375
2019-08-28T00:00:00.000Z,1764.25,,1692.9998779296875
2019-08-29T00:00:00.000Z,1786.4,,1695.68994140625
2019-08-30T00:00:00.000Z,1776.29,,1720.3778076171875
2019-09-03T00:00:00.000Z,1789.84,,1709.0948486328125
2019-09-04T00:00:00.000Z,1800.62,,1724.22216796875
2019-09-05T00:00:00.000Z,1840.72,,1736.2861328125
2019-09-06T00:00:00.000Z,1833.51,,1781.3609619140625
2019-09-09T00:00:00.000Z,1831.35,,1773.2357177734375
2019-09-10T00:00:00.000Z,1820.55,,1770.8031005859375
2019-09-11T00:00:00.000Z,1822.99,,1758.652099609375
2019-09-12T00:00:00.000Z,1843.55,,1761.3955078125
2019-09-13T00:00:00.000Z,1839.34,,1784.552490234375
2019-09-16T00:00:00.000Z,1807.84,,1779.80517578125
2019-09-17T00:00:00.000Z,1822.55,,1744.379638671875
2019-09-18T00:00:00.000Z,1817.46,,1760.900634765625
2019-09-19T00:00:00.000Z,1821.5,,1755.17919921875
2019-09-20T00:00:00.000Z,1794.16,,1759.7200927734375
2019-09-23T00:00:00.000Z,1785.3,,1729.0535888671875
2019-09-24T00:00:00.000Z,1741.61,,1719.149169921875
2019-09-25T00:00:00.000Z,1768.33,,1670.5841064453125
2019-09-26T00:00:00.000Z,1739.84,,1700.2283935546875
2019-09-27T00:00:00.000Z,1725.45,,1668.6273193359375
2019-09-30T00:00:00.000Z,1735.91,,1652.75146484375
2019-10-01T00:00:00.000Z,1735.65,,1664.2857666015625
2019-10-02T00:00:00.000Z,1713.23,,1663.9984130859375
2019-10-03T00:00:00.000Z,1724.42,,1639.31787109375
2019-10-04T00:00:00.000Z,1739.65,,1651.6171875
2019-10-07T00:00:00.000Z,1732.66,,1668.41748046875
2019-10-08T00:00:00.000Z,1705.51,,1660.6986083984375
2019-10-09T00:00:00.000Z,1721.99,,1630.85546875
2019-10-10T00:00:00.000Z,1720.26,,1648.9429931640625
2019-10-11T00:00:00.000Z,1731.92,,1647.0404052734375
2019-10-14T00:00:00.000Z,1736.43,,1659.882080078125
2019-10-15T00:00:00.000Z,1767.38,,1664.8597412109375
2019-10-16T00:00:00.000Z,1777.43,,1699.1715087890625
2019-10-17T00:00:00.000Z,1787.48,,1710.3658447265625
2019-10-18T00:00:00.000Z,1757.51,,1721.58447265625
2019-10-21T00:00:00.000Z,1785.66,,1688.20166015625
2019-10-22T00:00:00.000Z,1765.73,,1719.5511474609375
2019-10-23T00:00:00.000Z,1762.17,,1697.3359375
2019-10-24T00:00:00.000Z,1780.78,,1693.3778076171875
2019-10-25T00:00:00.000Z,1761.33,,1714.102783203125
2019-10-28T00:00:00.000Z,1777.08,,1692.4442138671875
2019-10-29T00:00:00.000Z,1762.71,,1709.9757080078125
2019-10-30T00:00:00.000Z,1779.99,,1693.977783203125
2019-10-31T00:00:00.000Z,1776.66,,1713.2213134765625
2019-11-01T00:00:00.000Z,1791.44,,1709.50732421875
2019-11-04T00:00:00.000Z,1804.66,,1726.010986328125
2019-11-05T00:00:00.000Z,1801.71,,1740.8134765625
2019-11-06T00:00:00.000Z,1795.77,,1737.50732421875
2019-11-07T00:00:00.000Z,1788.2,,1730.8553466796875
2019-11-08T00:00:00.000Z,1785.88,,1722.38916015625
2019-11-11T00:00:00.000Z,1771.65,,1719.796875
2019-11-12T00:00:00.000Z,1778.0,,1703.9248046875
2019-11-13T00:00:00.000Z,1753.11,,1711.001708984375
2019-11-14T00:00:00.000Z,1754.6,,1683.3197021484375
2019-11-15T00:00:00.000Z,1739.49,,1684.9722900390625
2019-11-18T00:00:00.000Z,1752.53,,1668.2403564453125
2019-11-19T00:00:00.000Z,1752.79,,1682.676513671875
2019-11-20T00:00:00.000Z,1745.53,,1682.9647216796875
2019-11-21T00:00:00.000Z,1734.71,,1674.9212646484375
2019-11-22T00:00:00.000Z,1745.72,,1662.9603271484375
2019-11-25T00:00:00.000Z,1773.84,,1675.131591796875
2019-11-26T00:00:00.000Z,1796.94,,1706.3643798828125
2019-11-27T00:00:00.000Z,1818.51,,1732.1651611328125
2019-11-29T00:00:00.000Z,1800.8,,1756.3592529296875
2019-12-02T00:00:00.000Z,1781.6,,1736.4876708984375
2019-12-03T00:00:00.000Z,1769.96,,1715.0179443359375
2019-12-04T00:00:00.000Z,1760.69,,1702.042724609375
2019-12-05T00:00:00.000Z,1740.48,,1691.7332763671875
2019-12-06T00:00:00.000Z,1751.6,,1669.334716796875
2019-12-09T00:00:00.000Z,1749.51,,1681.6455078125
2019-12-10T00:00:00.000Z,1739.21,,1679.328857421875
2019-12-11T00:00:00.000Z,1748.72,,1667.9310302734375
2019-12-12T00:00:00.000Z,1760.33,,1678.453857421875
2019-12-13T00:00:00.000Z,1760.94,,1691.3333740234375
2019-12-16T00:00:00.000Z,1769.21,,1692.010986328125
2019-12-17T00:00:00.000Z,1790.66,,1701.2080078125
2019-12-18T00:00:00.000Z,1784.03,,1725.138916015625
2019-12-19T00:00:00.000Z,1792.28,,1717.730712890625
2019-12-20T00:00:00.000Z,1786.5,,1726.9505615234375
2019-12-23T00:00:00.000Z,1793.0,,1720.4893798828125
2019-12-24T00:00:00.000Z,1789.21,,1727.756103515625
2019-12-26T00:00:00.000Z,1868.77,,1723.51806640625
2019-12-27T00:00:00.000Z,1869.8,,1813.0452880859375
2019-12-30T00:00:00.000Z,1846.89,,1814.2105712890625
2019-12-31T00:00:00.000Z,1847.84,,1788.32080078125
2020-01-02T00:00:00.000Z,1898.01,,1789.39306640625
2020-01-03T00:00:00.000Z,1874.97,,1846.1734619140625
2020-01-06T00:00:00.000Z,1902.88,,1820.0621337890625
2020-01-07T00:00:00.000Z,1906.86,,1851.6988525390625
2020-01-08T00:00:00.000Z,1891.97,,1856.215576171875
2020-01-09T00:00:00.000Z,1901.05,,1839.3233642578125
2020-01-10T00:00:00.000Z,1883.16,,1849.622314453125
2020-01-13T00:00:00.000Z,1891.3,,1829.3380126953125
2020-01-14T00:00:00.000Z,1869.44,,1838.5638427734375
2020-01-15T00:00:00.000Z,1862.02,,1813.80322265625
2020-01-16T00:00:00.000Z,1877.94,,1805.410888671875
2020-01-17T00:00:00.000Z,1864.72,,1823.425048828125
2020-01-21T00:00:00.000Z,1892.0,,1808.4638671875
2020-01-22T00:00:00.000Z,1887.46,,1839.3575439453125
2020-01-23T00:00:00.000Z,1884.58,,1834.2109375
2020-01-24T00:00:00.000Z,1861.64,,1830.9468994140625
2020-01-27T00:00:00.000Z,1828.34,,1804.981201171875
2020-01-28T00:00:00.000Z,1853.25,,1767.41455078125
2020-01-29T00:00:00.000Z,1858.0,,1795.5009765625
2020-01-30T00:00:00.000Z,1870.68,,1800.866943359375
2020-01-31T00:00:00.000Z,2008.72,,1815.2064208984375
2020-02-03T00:00:00.000Z,2004.2,,1971.9637451171875
2020-02-04T00:00:00.000Z,2049.67,,1966.8311767578125
2020-02-05T00:00:00.000Z,2039.87,,2018.39111328125
2020-02-06T00:00:00.000Z,2050.23,,2007.29443359375
2020-02-07T00:00:00.000Z,2079.28,,2019.02490234375
2020-02-10T00:00:00.000Z,2133.91,,2051.84716796875
2020-02-11T00:00:00.000Z,2150.8,,2113.199951171875
2020-02-12T00:00:00.000Z,2160.0,,2132.0458984375
2020-02-13T00:00:00.000Z,2149.87,,2142.283203125
2020-02-14T00:00:00.000Z,2134.87,,2131.009765625
2020-02-18T00:00:00.000Z,2155.67,,2114.272705078125
2020-02-19T00:00:00.000Z,2170.22,,2137.467529296875
2020-02-20T00:00:00.000Z,2153.1,,2153.630615234375
2020-02-21T00:00:00.000Z,2095.97,,2134.60693359375
2020-02-24T00:00:00.000Z,2009.29,,2070.648193359375
2020-02-25T00:00:00.000Z,1972.74,,1972.61083984375
2020-02-26T00:00:00.000Z,1979.59,,1931.081298828125
2020-02-27T00:00:00.000Z,1884.3,,1938.8681640625
2020-02-28T00:00:00.000Z,1883.75,,1830.6295166015625
2020-03-02T00:00:00.000Z,1953.95,,1830.0064697265625
2020-03-03T00:00:00.000Z,1908.99,,1909.71923828125
2020-03-04T00:00:00.000Z,1975.83,,1858.6334228515625
2020-03-05T00:00:00.000Z,1924.03,,1934.5941162109375
2020-03-06T00:00:00.000Z,1901.09,,1875.71337890625
2020-03-09T00:00:00.000Z,1800.61,,1849.667724609375
2020-03-10T00:00:00.000Z,1891.82,,1736.27490234375
2020-03-11T00:00:00.000Z,1820.86,,1839.1534423828125
2020-03-12T00:00:00.000Z,1676.61,,1759.000732421875
2020-03-13T00:00:00.000Z,1785.0,,1599.351318359375
2020-03-16T00:00:00.000Z,1689.15,,1718.81396484375
2020-03-17T00:00:00.000Z,1807.84,,1612.986328125
2020-03-18T00:00:00.000Z,1830.0,,1744.379638671875
2020-03-19T00:00:00.000Z,1880.93,,1769.2830810546875
2020-03-20T00:00:00.000Z,1846.09,,1826.8115234375
2020-03-23T00:00:00.000Z,1902.83,,1787.4180908203125
2020-03-24T00:00:00.000Z,1940.1,,1851.6419677734375
2020-03-25T00:00:00.000Z,1885.84,,1893.974853515625
2020-03-26T00:00:00.000Z,1955.49,,1832.374755859375
2020-03-27T00:00:00.000Z,1900.1,,1911.4700927734375
2020-03-30T00:00:00.000Z,1963.95,,1848.54443359375
2020-03-31T00:00:00.000Z,1949.72,,1921.0882568359375
2020-04-01T00:00:00.000Z,1907.7,,1904.9102783203125
2020-04-02T00:00:00.000Z,1918.83,,1857.1690673828125
2020-04-03T00:00:00.000Z,1906.59,,1869.806640625
2020-04-06T00:00:00.000Z,1997.59,,1855.9090576171875
2020-04-07T00:00:00.000Z,2011.6,,1959.3228759765625
2020-04-08T00:00:00.000Z,2043.0,,1975.2333984375
2020-04-09T00:00:00.000Z,2042.76,,2010.83984375
2020-04-13T00:00:00.000Z,2168.87,,2010.56787109375
2020-04-14T00:00:00.000Z,2283.32,,2152.133056640625
2020-04-15T00:00:00.000Z,2307.68,,2277.1328125
2020-04-16T00:00:00.000Z,2408.19,,2303.14892578125
2020-04-17T00:00:00.000Z,2375.0,,2407.828369140625
2020-04-20T00:00:00.000Z,2393.61,,2373.764404296875
2020-04-21T00:00:00.000Z,2328.12,,2392.9287109375
2020-04-22T00:00:00.000Z,2363.49,,2324.79443359375
2020-04-23T00:00:00.000Z,2399.45,,2361.831787109375
2020-04-24T00:00:00.000Z,2410.22,,2398.90869140625
2020-04-27T00:00:00.000Z,2376.0,,2409.894775390625
2020-04-28T00:00:00.000Z,2314.08,,2374.79833984375
2020-04-29T00:00:00.000Z,2372.71,,2309.94482421875
2020-04-30T00:00:00.000Z,2474.0,,2371.395263671875
2020-05-01T00:00:00.000Z,2286.04,,2473.76611328125
2020-05-04T00:00:00.000Z,2315.99,,2280.049072265625
2020-05-05T00:00:00.000Z,2317.8,,2311.969482421875
2020-05-06T00:00:00.000Z,2351.26,,2313.886962890625
2020-05-07T00:00:00.000Z,2367.61,,2349.087158203125
2020-05-08T00:00:00.000Z,2379.61,,2366.10986328125
2020-05-11T00:00:00.000Z,2409.0,,2378.527099609375
2020-05-12T00:00:00.000Z,2356.95,,2408.653076171875
2020-05-13T00:00:00.000Z,2367.92,,2355.02490234375
2020-05-14T00:00:00.000Z,2388.85,,2366.431640625
2020-05-15T00:00:00.000Z,2409.78,,2388.04248046875
2020-05-18T00:00:00.000Z,2426.26,,2409.447265625
2020-05-19T00:00:00.000Z,2449.33,,2426.151123046875
2020-05-20T00:00:00.000Z,2497.94,,2449.306884765625
2020-05-21T00:00:00.000Z,2446.74,,2497.193359375
2020-05-22T00:00:00.000Z,2436.88,,2446.720703125
2020-05-26T00:00:00.000Z,2421.86,,2436.84423828125
2020-05-27T00:00:00.000Z,2410.39,,2421.7041015625
2020-05-28T00:00:00.000Z,2401.1,,2410.06787109375
2020-05-29T00:00:00.000Z,2442.37,,2400.595703125
2020-06-01T00:00:00.000Z,2471.04,,2442.349853515625
2020-06-02T00:00:00.000Z,2472.41,,2470.84814453125
2020-06-03T00:00:00.000Z,2478.4,,2472.198974609375
2020-06-04T00:00:00.000Z,2460.6,,2478.094970703125
2020-06-05T00:00:00.000Z,2483.0,,2460.519775390625
2020-06-08T00:00:00.000Z,2524.06,,2482.609375
2020-06-09T00:00:00.000Z,2600.86,,2522.39892578125
2020-06-10T00:00:00.000Z,2647.45,,2594.277587890625
2020-06-11T00:00:00.000Z,2557.96,,2636.19775390625
2020-06-12T00:00:00.000Z,2545.02,,2554.544189453125
2020-06-15T00:00:00.000Z,2572.68,,2542.350830078125
2020-06-16T00:00:00.000Z,2615.27,,2568.298095703125
2020-06-17T00:00:00.000Z,2640.98,,2607.3818359375
2020-06-18T00:00:00.000Z,2653.98,,2630.4541015625
2020-06-19T00:00:00.000Z,2675.01,,2641.968994140625
2020-06-22T00:00:00.000Z,2713.82,,2660.37890625
2020-06-23T00:00:00.000Z,2764.41,,2693.642333984375
2020-06-24T00:00:00.000Z,2734.4,,2735.599365234375
2020-06-25T00:00:00.000Z,2754.58,,2710.90234375
2020-06-26T00:00:00.000Z,2692.87,,2727.571533203125
2020-06-29T00:00:00.000Z,2680.38,,2675.8017578125
2020-06-30T00:00:00.000Z,2758.82,,2665.036865234375
2020-07-01T00:00:00.000Z,2878.7,,2731.041748046875
2020-07-02T00:00:00.000Z,2890.3,,2824.48583984375
2020-07-06T00:00:00.000Z,3057.04,,2833.049560546875
2020-07-07T00:00:00.000Z,3000.12,,2946.96142578125
2020-07-08T00:00:00.000Z,3081.11,,2909.9853515625
2020-07-09T00:00:00.000Z,3182.63,,2962.014404296875
2020-07-10T00:00:00.000Z,3200.0,,3021.798828125
2020-07-13T00:00:00.000Z,3104.0,,3031.442138671875
2020-07-14T00:00:00.000Z,3084.0,,2976.013671875
2020-07-15T00:00:00.000Z,3008.87,,2963.799072265625
2020-07-16T00:00:00.000Z,2999.9,,2915.79638671875
2020-07-17T00:00:00.000Z,2961.97,,2909.8388671875
2020-07-20T00:00:00.000Z,3196.84,,2884.102294921875
2020-07-21T00:00:00.000Z,3138.29,,3029.699951171875
2020-07-22T00:00:00.000Z,3099.91,,2996.4140625
2020-07-23T00:00:00.000Z,2986.55,,2973.53466796875
2020-07-24T00:00:00.000Z,3008.91,,2900.880615234375
2020-07-27T00:00:00.000Z,3055.21,,2915.822998046875
2020-07-28T00:00:00.000Z,3000.33,,2945.802490234375
2020-07-29T00:00:00.000Z,3033.53,,2910.12548828125
2020-07-30T00:00:00.000Z,3051.88,,2931.92529296875
2020-07-31T00:00:00.000Z,3164.68,,2943.689208984375
2020-08-03T00:00:00.000Z,3111.89,,3011.65625
2020-08-04T00:00:00.000Z,3138.83,,2980.767822265625
2020-08-05T00:00:00.000Z,3205.03,,2996.73046875
2020-08-06T00:00:00.000Z,3225.0,,3034.20361328125
2020-08-07T00:00:00.000Z,3167.46,,3045.029541015625
2020-08-10T00:00:00.000Z,3148.16,,3013.23876953125
2020-08-11T00:00:00.000Z,3080.67,,3002.160888671875
2020-08-12T00:00:00.000Z,3162.24,,2961.742431640625
2020-08-13T00:00:00.000Z,3161.02,,3010.263671875
2020-08-14T00:00:00.000Z,3148.02,,3009.566162109375
2020-08-17T00:00:00.000Z,3182.41,,3002.080322265625
2020-08-18T00:00:00.000Z,3312.49,,3021.67578125
2020-08-19T00:00:00.000Z,3260.48,,3089.939208984375
2020-08-20T00:00:00.000Z,3297.37,,3063.73046875
2020-08-21T00:00:00.000Z,3284.72,,3082.46533203125
2020-08-24T00:00:00.000Z,3307.46,,3076.12109375
2020-08-25T00:00:00.000Z,3346.49,,3087.4658203125
2020-08-26T00:00:00.000Z,3441.85,,3106.320556640625
2020-08-27T00:00:00.000Z,3400.0,,3149.231201171875
2020-08-28T00:00:00.000Z,3401.8,,3130.937255859375
2020-08-31T00:00:00.000Z,3450.96,,3131.7412109375
2020-09-01T00:00:00.000Z,3499.12,,3153.105224609375
2020-09-02T00:00:00.000Z,3531.45,,3172.957763671875
2020-09-03T00:00:00.000Z,3368.0,,3185.709228515625
2020-09-04T00:00:00.000Z,3294.62,,3116.384521484375
2020-09-08T00:00:00.000Z,3149.84,,
